"Reference","Qty","Value","DNP","Exclude from BOM","Exclude from Board","Footprint","Datasheet","LCSC"
"C1,C3,C13,C17,C18","5","100n","","","","Resistor_SMD:R_0402_1005Metric","~","C307331"
"C2,C5,C6,C7,C8,C9,C10,C11,C12,C19","10","4.7u","","","","Capacitor_SMD:C_1206_3216Metric","~","C29823"
"C4,C15,C16","3","1u","","","","Resistor_SMD:R_0402_1005Metric","~","C52923"
"C14","1","10n","","","","Resistor_SMD:R_0402_1005Metric","~","C15195"
"D1,D2","2","1N4148","","","","Diode_SMD:D_SOD-323","https://assets.nexperia.com/documents/data-sheet/1N4148_1N4448.pdf","C2128"
"L1,L2","2","10uH","","","","Inductor_SMD:L_1008_2520Metric","~","C37428"
"R1,R6,R7,R9","4","33k","","","","cnhardware:R_0402_1005Metric_COMPACT","~","C25779"
"R2","1","51k","","","","cnhardware:R_0402_1005Metric_COMPACT","~","C25794"
"R3,R8","2","1M","","","","cnhardware:R_0402_1005Metric_COMPACT","~","C26083"
"R4","1","10","","","","cnhardware:R_0402_1005Metric_COMPACT","~","C25077"
"R5","1","100k","","","","cnhardware:R_0402_1005Metric_COMPACT","~","C25741"
"SW4","1","SW_SPDT","","","","swadgeparts:SW_SPDT_PCM12","~","C3008585"
"U2","1","TPS54302","","","","Package_TO_SOT_SMD:SOT-23-6","http://www.ti.com/lit/ds/symlink/tps54302.pdf","C311983"
"U3","1","CH572Q","","","","Package_DFN_QFN:QFN-20-1EP_3x3mm_P0.4mm_EP1.65x1.65mm","","C46597863"
"U4","1","HX3608_BOOST","","","","Package_TO_SOT_SMD:SOT-23-6","","C296278"
"U5","1","LSM6DS3","","","","cnhardware:LGA-14_3x2.5mm_P0.5mm_LayoutBorder3x4y_EVEN_PADS","","C784817"
"U6","1","QMC6309","","","","Package_BGA:WLP-4_0.83x0.83mm_P0.4mm","","C5439871"
"Y1","1","32MHz","","","","Crystal:Crystal_SMD_2016-4Pin_2.0x1.6mm","~","C37635323"
